,NFT
0,Meebits
1,Terraforms by Mathcastles
2,Audioglyphs
3,dotdotdots
4,Azuki
5,Creepz Shapeshifterz
6,Bored Ape Yacht Club
7,Mutant Ape Yacht Club
8,CryptoPunks
9,Genesis Creepz
10,Killer GF
11,CLONE X - X TAKASHI MURAKAMI
12,Creepz Reptile Armoury
13,V1 Cryptopunks Wrapped
14,MekaApes Game by OogaVerse
15,Capsule House
16,NBA Top Shot
17,Cyber Kongz
18,Axie Infinity
19,HAPE Prime
20,Cool Monkes Genesis
21,Metroverse
22,Crypto Coven
23,Creepz Loomi Vault
24,Parallel Alpha
25,Bored Ape Kennel Club
26,The Sandbox
27,Netvrk Land
28,Cyberkongz VX
29,Doodles V4
30,Frontier Game
31,World Of Women
32,NFT Gurus V2
33,0xApes Trilogy
34,Unstoppable Domains
35,Decentraland
36,My Homies in Dreamland
37,Cool Cats
38,Degenerate Ape Academy
39,Art Blocks
40,Lil Heroes V2
41,Lucky Zeros | Purebase
42,Ape Invaders Official
43,CryptoBatz by Ozzy Osbourne
44,Chain Runners NFT
45,MEV Army
46,DeadFellaz
47,OogaVerse
48,Smilesssvrs ::)
49,Bored Ape Chemistry Club
50,RTFKT - CloneX Mintvial
51,RugRadio Genesis NFT
52,Yeti Town NFT
53,Mobox
54,Rengoku Legends [Samurai]
55,Lazy Lions
56,PancakeSwap Squad
57,adidas Originals Into the Metaverse
58,PhantaBear
59,FULL SEND METACARD NFT
60,The Space Warriors Club
61,Cyber Gorillas Official
62,Wolf Game
63,Crypto.Chicks
64,Zodiac Capsules
65,NFT Worlds V2
66,ALIENFRENS V2
67,Kaiju Kingz
68,Farmers World
69,NeoTokyo Outer Identities
70,C-01 Official Collection
71,GhostsProject
72,CrypToadz by GREMPLIN
73,BearXLabs
74,JRNY NFT Club V2
75,MGDC
76,PROOF Collective V2
77,CryptoSkulls
78,C86 Cyborg
79,DASK - Dead Army Skeleton Klub
80,VeeFriends
81,Crypto Unicorns Market
82,Crookz by NIXON
83,Angry Ape Army
84,Prime Ape Planet PAP
85,Emblem.Finance
86,uwucrew
87,ASM AIFA Genesis
88,SlimHoods
89,PUNKS Comic
90,GossApe Girl Official
91,Taiyo Robotics
92,Salty Pirate Crew
93,Psychedelics Anonymous Genesis
94,Alfa Pass
95,YOUR MOMS HOUSE
96,Boss Beauties
97,RugBurn
98,X Rabbits Club
99,Adam Bomb Squad
100,MoodRollers by Lucas Zanotto
101,NFTHUD Membership Token
102,Yokai Kingdom Genesis
103,Rebel Society
104,Coolman's Universe
105,Swampverse v1
106,Vox Collectibles
107,WebbLand
108,The Royal Cubs
109,MetaHero Universe: Generative Identities
110,Stoned Ape Crew
111,Moon Ape Lab V2
112,My Pet Hooligan
113,Somnium Space
114,FOMO MOFOS
115,PartyBear
116,THE REBELS by House of Kalinkin
117,FLUF World: Thingies
118,ape mfers
119,ASM Brains
120,Space Yetis Official
121,Robotos Official
122,Boryoku Dragonz
123,mfers
124,OnChainMonkey
125,Fluf World
126,Project NANOPASS
127,CryptoMories
128,Dr. ETHvil's 3D FrankenPunks
129,Katabolicz Genesis
130,Rarible
131,Critterz Genesis
132,Zed Run
133,Anatomy Science Ape Club
134,Feral File #009 - Unsupervised - Refik Anadol
135,WVRPS by WarpSound (Official)
136,Flyfish Club
137,Aavegotchi
138,STAPLEVERSE - FEED CLAN
139,Janky Heist
140,Sup Ducks
141,Gutter Cat Gang
142,ALPACADABRAZ
143,CryptoVoxels
144,Nudie Community Official
145,Baby Shiba Social Club Official
146,Humans Metaverse
147,Rumble Kong League
148,Devil Chicks V2
149,ASM AIFA All-Stars
150,SuperRare
151,Monaverse
152,Damien Hirst - The Currency
153,Ethereum Name Service (ENS)
154,Magic Mushroom Clubhouse
155,GrumpyPandaz
156,NFT Bored Bad Bunny
157,The Doge Pound
158,Slotie NFT
159,Sappy Seals
160,Zipcy's SuperNormal
161,Psychedelics Anonymous Component 1
162,Apocalyptic Apes
163,Treasure (for Loot)
164,Woodies: Generative Characters
165,Curio Cards
166,Shadowy Super Coder
167,Crypto Bull Society
168,FLUF World: Burrows
169,Dreamland Genesis
170,hic et nunc OPEN COLLECTION
171,TheHeartProject
172,NFT - Pioneer Industries
173,Little Lemon Friends
174,inBetweeners - GianPiero
175,LinksDAO
176,Forgotten Runes
177,(SSC) Shiba Social Club
178,Creature World NFT
179,Undead Pastel Club
180,Jenkins the Valet: The Writer's Room
181,Alpha Shark
182,the littles NFT
183,Metasaurs by Dr. DMT
184,Scholarz V2
185,The Animoon
186,8SIAN
187,OxyaOriginProject
188,hausphases by Haus
189,Evaverse
190,WomenRise
191,SandVegasCasinoClub Official
192,Doodle Thieves
193,Alpha Girl Club
194,Baller Bananas NFTs
195,Sneaky Vampire Syndicate
196,EnterDAO Sharded Minds
197,Dysto Apez Official
198,Genesis isoroom
199,Ultra Miners
200,BrainDrops
201,Netvrk Transports
202,Blockchain Miners Club Official
203,FoxFam
204,Pudgy Penguins
205,Meta Legends - S1
206,Netvrk Bonuses
207,Ether Orcs
208,Crash Test Joyride
209,Farmer - FCiZM3HHoU
210,Queens+Kings
211,PixelTigers Official
212,Teddy Bear Squad
213,Portals
214,Guppy Gang
215,Pancake Bunnies
216,IlluminatiNFT
217,"1,989 Sisters"
218,Zero Name Service
219,Machine Hallucinations - NYC
220,Neo Tokyo Identities
221,Crypto Cannabis Club
222,Async Blueprints
223,Wulfz Official
224,The Flower Girls
225,loomlocknft
226,0xApes Tribe
227,FancyBears Metaverse Official
228,Nifty League DEGENs
229,Fang Gang
230,888 inner circle
231,Jadu Hoverboard V1
232,Bears Deluxe New
233,GigaChad
234,The Wanderers
235,MekaVerse
236,Furballs.com Official
237,Ape Kids Club (AKC)
238,BRAiN VOMiTS GARDEN
239,NFT Bored Bunny
240,BYOLAND
241,Caked Apes Official
242,BYOPills
243,Approving Bone
244,0N1 Force
245,Squishy Squad NFT
246,Cat & Mouse Game (Cheddar)
247,Realms (for Adventurers)
248,Boonji Project
249,CryptoonGoonz
250,XCOPY
251,GRAYCRAFT-2
252,THE SECRET SOCIETY XX COLLECTION
253,MoonCats
254,Steve Aoki V2
255,Forgotten Souls
256,Gutter Dogs_-old
257,Alien Worlds
258,Treeverse
259,Sacred Skulls (Official)
260,WoW Pixies Official
261,EtherOrcs Allies
262,Squarmies
263,The Red Village Champions
264,Grandpa Ape Country Club
265,Apostles: Genesis
266,Notorious Frogs
267,Knights of Degen - Knights!
268,Rug Radio Membership Pass
269,Toy Boogers
270,Chameleons In The City
271,MetaHouse | Collection
272,CryptoCubes
273,Rude Golems
274,Catbotica
275,The Metapreneurs
276,Waves Ducks
277,COOLDOGS V3
278,MoreThanGamers (MTG)
279,Voiceverse - Origins
280,The Meta Stars
281,Desperate ApeWives
282,The Other Avatars by Saatchi Art
283,PEACEFUL GROUPIES V2
284,MurMur Cats
285,MetaDogeClub
286,From the Fragments of Tezuka Osamu - Generative Art
287,Kumo x World Residents
288,Letters by Vinnie Hager
289,DarkEchelon
290,LOSTPOETS
291,Hashmasks
292,STAXX Invaders
293,Aurory
294,Gutter Rats
295,Sipherian Surge
296,Decentral Games ICE Poker
297,Women and Weapons
298,Vhigh Avatar Gen 0.0
299,Laid Back Llamas Collection
300,Superlative Apes V3
301,METABILLIONAIRE
302,Sad Girls Bar
303,iNFT Personality Pod by Alethea AI
304,Metasaurs Punks by Dr. DMT
305,Birdez Gang Collection
306,Thingdoms NFT Official
307,YOLO-Cat-Club
308,Sherbet NFTs
309,Metaverse Psychedelics Anonymous Pass
310,The Humanoids
311,Ashley Longshore x Metagolden
312,SHIBOSHIS V2
313,Jadu Jetpack
314,TheEnigma
315,Gunslingers Collection
316,WGMI Premium Membership
317,Cobo 4th Anniversary NFT
318,The LightbulbMan - Bjarne Melgaard
319,NFTrees
320,Jordi Molla - Masks
321,Council of Kingz Official
322,IRL Psychedelics Anonymous Pass V2
323,Creepz Reptile Armoury V2
324,Fomoverse
325,Teen Ape Gang
326,Gutter Pigeons_
327,WhiteRabbitOne
328,Generascope
329,Ponzi Panthers
330,Thug Birdz
331,PUNKS Comic 2
332,Roo Troop
333,Rubber Duckz
334,Galaxy-Warriors
335,Reb3l Bots
336,Project Draca
337,Syn City Passes
338,GEN.ART
339,RTFKT Capsule Space Drip
340,Voxodeus
341,MatrixWorld LandVoucher
342,GalacticApes
343,Plot V3
344,ChubbyKaijuDAO
345,Doodories Official
346,Teen Rebel Ape Club
347,Non-Fungible People V2
348,Hungry Wolves
349,Private Jet Pyjama Party V2
350,Monfters Club
351,FVCK_CRYSTAL//
352,ExpansionPunks
353,Wall St Bulls
354,Voxel Ville Official
355,TheLandDAO Official
356,SolPunks
357,HPPRS Collection
358,Genzee
359,HouseNFT V2
360,ZenApe
361,Ninja Squad V2
362,merge.
363,MetaCityRealEstate
364,MidnightBreeze
365,Animetas
366,Worldwide Webb Items
367,Bricktopians V2
368,Samurai Saga V2
369,Gambling Apes Official
370,Poolsuite - Executive Member
371,DeRace Horses
372,Realms of Ether
373,JUNGLE FREAKS BY TROSLEY
374,Stellar Senses
375,TheClub721
376,GRAYCRAFT
377,MUSHROHMS
378,Exclusible Luxury District
379,Baby Birdez Gang
380,Grailers
381,Anonymice
382,Phantom Galaxies Origin Collection
383,AO Art Ball
384,Superlative Secret Society Official
385,Moon Ape Lab Mint Pass
386,Take Heart Collection
387,Lazy Lions Bungalows
388,Deez Nuts V3
389,Quantum Curated
390,Gray Boys
391,x0r
392,The Family Mooks by Doodle Labs
393,Creepz Genesis V2
394,lobsterdao
395,ElysianFields
396,Cat and Mouse Game (Official)
397,PX Quest
398,CryptoSis by Lana Rhoades
399,Angry Pitbull Club
400,Phunks
401,NFTBoxes
402,Castle Kid V2
403,AV Yacht Club
404,Solsteads
405,Habibiz V2
406,UninterestedUnicorns
407,pxMythics Genesis
408,The Goobers
409,HUXLEY Comics
410,GEMMA BY TRISTAN EATON
411,Social BEES University
412,AirNFTs
413,Spooky Boys Country Club | by HolyGhost
414,Turnt Up Tikis
415,World of ApeWives
416,Fame Lady Squad
417,CryptoDragons.CD
418,Baby Ape Club Official
419,The-Odd-Dystrict
420,Stoner Cats
421,Meka Ape Club (Official)
422,Nuclear Nerds V2
423,Phat Pandaz
424,GGSG
425,Chad Ape Gym Club
426,Cat Bricks Clubhouse
427,AnonymiceBreeding
428,Colorful Ape Club Official
429,Ash Chapter One: Carbon
430,Marco Mori Art
431,The ApeDads
432,Dope Wars Loot
433,CryptoHoots Steampunk Parliament
434,Foundation
435,Galaxy Fight Club
436,Netvrk Avatars
437,MB1 Genesis V1
438,GenX by HOK
439,RugPullFrens
440,Curious Addys' Trading Club
441,AstroGator Fam
442,Recon Rams
443,MojoHeads V2
444,10KTF
445,AMSC
446,Rowdy Roos V2
447,Pussy Riot - PUNISH
448,Honey Hives Deluxe
449,J. Pierce & Friends
450,The Official Surreals
451,THE CYBER LEGENDS COLLECTION
452,Noodles (Official)
453,Divine Anarchy
454,DuskBreakers V2
455,Cryptowalkers V2
456,OG Flowers
457,Winter Bears
458,Warrior Alliance Genesis
459,Fabricated Fairytales by FEWOCiOUS x parrott_ism x Odious x Jonathan Wolfe
460,TIMEPiece Community
461,Demi-Human NFT
462,Clay Boys
463,1337 Council
464,GEN.ART Drop Collection
465,MetaZoo Games
466,The Meta Key
467,Galz VM_ETH
468,MintoniansOfficial
469,Mutant KongZ Lab
470,Non Fungible Fungi V2
471,Chubbiverse Frens
472,Fudders
473,Doge Pound Puppies
474,HeadGame
475,CryptoDickbutts S3
476,StripperVille - 5nHnYHC8Di
477,Yung Ape Squad Official
478,The Indifferent Duck
479,Pepsi Mic Drop
480,Long Neckie Fellas
481,NFTeams V3
482,TIMEPieces Long Neckie Women of the Year by Nyla Hayes
483,Illuvium
484,Tom Sachs Rocket Factory
485,Encryptas
486,MetaIsland
487,Sidenoun
488,Sipherian Flash
489,Monkey Bet DAO
490,NFT The Hustlers of Wall Street
491,IreneDAO
492,Spiky Space Fish United
493,Long Neckie Ladies
494,Stylish Studs
495,Hot Lips by Jeremy Penn
496,CyberNinja official
497,Metaclubbers
498,Habbo Avatars
499,Danger Rangers Official Collection
500,Dead Heads
501,22 Pigeons
502,Degenerate Trash Pandas
503,Warriors of Aradena
504,The Alien Boy
505,Punk X Official
506,CHIBI DINOS
507,Cyber Pharmacy
508,FEWOCiOUS
509,The Last Raptor
510,MintdiscOne
511,Impact Theory Founder's Key
512,Claylings
513,X-Consoles by 0xnft
514,Property's NFT
515,NeckVille
516,CyberBabies.io
517,Ethalien
518,A.N.I.M.O
519,HeadDAO
520,CROAKZ by McGill!
521,Wavelength by Kaleb Johnston
522,Party Ape | Billionaire Club
523,CryptoApes Official
524,Galaktic Gang
525,Defenders of Dogewood
526,degenerate/regenerate
527,MutantCats
528,Voxies
529,Uncool Cats NFT
530,Fyat Lux (Dawn Collection)
531,NBAYC
532,Dapper Dinos NFT
533,Coodles
534,DIGITZ GENESIS COLLECTION
535,Ember Sword
536,Galaxy-Eggs
537,Polymorphs V2
538,Street Fighter
539,GalacticMonkes
540,Billionaire Coyote Cartel
541,Cosmic CowGirls NFT
542,Tropical Turtles V2
543,KAMIVERSE
544,Goatz
545,Chains NFT
546,Panda Astronaut Club V2
547,Kyoto_3088
548,The CryptoDads
549,Cosmodinos Alpha
550,Party Degenerates
551,XOiDs Fleet 001
552,The Crypt (Army of the Dead)
553,Spritely - Genesis Collection
554,Cosmic Mutants
555,Aworld
556,Baller Bears NFT
557,The Wicked Craniums
558,MAKC-M1
559,Imps V2
560,Pluto2
561,Legends of Venari Alpha Pass
562,Solarbots.io
563,SolChicks
564,The Collision by Pak & Trevor Jones
565,CRYPTOPOLY WEALTH CLUB #TCPWC
566,BrokenTest
567,Champions V2
568,Ape Harmony Monster Club
569,League of Kingdoms
570,KingFrogs
571,Apes In Space NFT
572,Non-Fungible Heroes
573,The Jims
574,Deathbats Club
575,The Wild Bunch Official
576,Genopets Eggs
577,Robopets
578,PunkScapes
579,Budweiser Royalty X Farina
580,Bastard Gan Punks V2
581,Exclusible Gold Alpha
582,Official Dormant Dragons
583,Koala Intelligence Agency
584,Refik Anadol
585,Wickens V2
586,Spoiled Young Ape Club
587,LordSocietyNFT Official
588,Diamond Crypto Dunks
589,DinoBabies
590,Lazy Bunny NFT
591,Nonconformist Ducks
592,InspirationWhiteBorder
593,Timeless NFTs
594,LeapN Founders Deed World
595,Nyan Heroes
596,RTFKT - Mintdisc 3
597,FlavaTools
598,SpacePunksClub
599,The Infinite Machine Collection
600,Puppies V3
601,Night Owls Official
602,Boss Bulls Club
603,WhIsBe
604,The Yakuza Cats Society
605,Bubblegum Kids
606,BabyElonWorld
607,thedudes
608,Baby Ape Mutant Club
609,Digi Dragonz Reborn
610,Budweiser Royalty X Fresco Trey
611,Bored Breakfast Club
612,Loot (for Adventurers)
613,VeeFriends Mini Drops
614,Society of Derivative Apes
615,Lil Pudgys
616,GameOfBlocks
617,The Sevens (Official)
618,The Greats V3
619,Basic Bored Ape Club
620,Shaq Gives Back
621,Savage Droids SD888
622,Wicked Ape Bone Club
623,Elderly Ape Retirement Club
624,Lobby Lobsters
625,HOPPERS
626,Blockverse MC
627,Skorge Elysium Key
628,The F8 Club - NFT
629,Sidus NFT Heroes
630,Baby Ethalien
631,Ether Cards Founder Series
632,Kangaroo Heroes Original
633,Reactor Motors
634,Baby Ghosts NFTs
635,Mendel Genesis Odyssey
636,Paradise Trippies
637,Genopets
638,Bad Face Bots
639,Swipa The Fox
640,Goat Soup by Andy Milonakis
641,Synthetic Dreams by Refik Anadol
642,The Space Bulls TSB
643,ImmortalMonks
644,Floor App Beta Access Token
645,WE_ARE_KLOUD
646,DSC E-MATES | 4 DA NEXT LEVEL
647,$LIT Project One
648,The CryptoMoms
649,Rarible - pwlVGKdPaW
650,Glue Factory Show
651,Gauntlets
652,Steve Aoki x Antoni Tudisco
653,Exclusible Alpha
654,Jungle Cats
655,Citizens of Bulliever Island
656,Wrapped Strikers
657,ExoGens
658,Doomsday NFT V2
659,Budverse Cans - Heritage Edition
660,The Weeknd x Billboard by Autograph
661,MegaCryptoPolis
662,Cosmic Labs
663,Non-Fungible Aliens Official
664,Larva Chads
665,Christmas Gambling Apes
666,Official Project Shura
667,Hall Of Fame Goat Lodge V2
668,Shark Boy Fight Club
669,Marine Marauderz 2D
670,Executive Husky
671,StarryNift
672,The Alien Secret Society
673,Betty Pop Horror by Deadfellaz
674,Ben Mezrich Project - Meme Stock Collection
675,RSS3 Whitepaper
676,ChainFaces Arena
677,Fatales
678,BitcoinBillionaires
679,Onion Meta Official
680,Icy Founders Club
681,House Of Legends
682,Wall St Bulls Interns
683,Pukenza
684,WrappedEtherWaifu
685,Forever Fomo Duck Squad
686,The Lonely Frog Lambo Club
687,Bored Mummy Waking Up
688,DEGENERATIVE ART by JAKE
689,Monaco Planet Yacht
690,Playboy Rabbitars Official
691,Pussy Riot ACAB
692,The Degenaissance
693,My Head In Your Hands by FEWOCiOUS x Two Feet
694,Wunks
695,Third Eye Society
696,Land DAO Devour V2
697,2+2 Genesis
698,Otherworldly Freaks
699,Avarik Saga Universe
700,Steve Aoki x Maciej Kuciara
701,Metakrew
702,Outlaw Gals MC
703,Skullx 10K
704,CryptoKitties
705,Legends of Venari Pass
706,Wild Goat Gang
707,The Blitnauts
708,Colonists
709,SSX3LAU
710,CryptoChasers Robot
711,GEVOLs.
712,OG:Crystals
713,Dizzy Dragons
714,Lil Baby Ape Club
715,The Final Burn by x0r
716,Corruption(s*)
717,Ready Player Cat NFT
718,Plottables
719,Fab Punks
720,Doodle Dogs V2
721,SemiSupers by SeeMikeDraw
722,HomieG
723,The Last Supper Official
724,MADworld X B.Duck
725,Deez Christmas Nuts (Official)
726,Playing Arts Crypto Edition
727,the pixels inc
728,Solarians
729,Coalition Crew
730,Colonize Mars
731,Official Surreal Society
732,STARCATS NFT
733,Initializers
734,Skeletongues
735,Grim Syndicate
736,Every Icon
737,MePunk
738,Mines of Dalarnia Mining Apes Collection
739,Bold Badgers Squad
740,Wizard Treasure Collective
741,Monsterbuds
742,MetaGods Character
743,Crowdfunded Mirror Editions
744,Solana Doodle Apes
745,Interleave Genesis
746,The Sad Cats
747,Goons Of Balatroon
748,Jailed Baby Ape Club
749,Rarible - 63HtOdkAIe
750,Farming Tales
751,Superplastic x Janky x Guggimon
752,Royal Societ Of Players
753,Rogue Sharks
754,AstroHeads
755,JungleBay Ape Club
756,Avastars
757,Miners Genesis
758,FastFoodPunks V2
759,Billionaire Bunker
760,BUTTHEADS V2
761,Toddlerpillars
762,Top Dog Beach Club
763,The Cult DAO NFT
764,Axolittles
765,ApesOfSpace
766,Blockchain Heroes
767,Generation: Habibi
768,AKC Pets
769,Crazy Lizard Army
770,Typical Tigers Official
771,NounPunks.eth
772,Wrapped Penguins
773,BabyToadz By CreatureToadz
774,The Mike Tyson NFT Collection
775,Katana N Samurai 2
776,BladeRunner Punks
777,Approving Corgis V2
778,lootprints (for MoonCats)
779,vech.io
780,Substrata
781,Purojekuto3333 by Hisoka Gaka
782,Feudalz
783,Visitors Of Imma Degen
784,Tools of Rock: VIP Pass
785,CryptoArte
786,Green Rabbit
787,Artifex
788,Luchadores.io
789,Spiral Frequencies
790,HeavenComputer
791,NFTNinjas (NN)
792,Angels of Aether
793,The Divine NFT
794,Surge by Morpheu5
795,Larva Lads
796,THE REAL GOAT SOCIETY
797,Secret Society of Whales V2
798,Influence Crew
799,TurkeysMegaverse
800,Kaiju Queenz Official
801,Radical Digital Painting
802,Crypto-Pills by Micha Klein
803,Skorge Alpha Key
804,BSCWin Bulls
805,Flowtys V2
806,Cake Monster | ðŸ’Ž Diamond Claw ðŸ’Ž
807,Cyborg Billionaire Club
808,ThorGuards
809,AAA Weapons Wave 1
810,Ocarinas
811,Obits Official
812,Surrogates
813,Feudalz Landz
814,Suga Squad
815,SPunks
816,RareBunniClub
817,Angry Apes United
818,Funko
819,Genetic Chain - Midnight Runner Pass
820,Based Fish Mafia
821,NAH FUNGIBLE BONES
822,Flipmap
823,MetaLizards Official
824,Topps MLB
825,Synthopia
826,Squid Game Card NFT
827,Rox
828,Nouns3D V2
829,Genetic Chain - Founders Pass
830,Rare Ghost Club (RGC)
831,R-PLANET
832,Footium Football Club V2
833,DI Animals
834,Ethereans V2
835,Rainbow Grid Kim Asendorf
836,Great Ape Society
837,Toucan Gang
838,Soldiers Of The Metaverse V2
839,Expandables Official
840,StrangeAttractors
841,Metaverse Marauders
842,MultiverseVM
843,Billion Buns
844,Pixel Doods NFT
845,CryptoDragons.eggs
846,Good Luck Gators
847,The Tower
848,Master9Eyes
849,The Nahiko Collection
850,Lostboy NFT
851,Chill Princesses NFT
852,Two Bit Bears
853,Clouds on Chains
854,MintedTeddy
855,CreatureToadz
856,Phunky Ape Yacht Club
857,Crypto Alien Babes
858,CryptoChimpzNFT
859,MarsCatsVoyage
860,ZombieCats
861,"Genesis Rocks 10,000"
862,OpenBlox V3
863,isotile Genesis Avatars
864,LIT Project Two
865,Bored Ape Comic
866,Primate Social Society Official
867,Chapter 7 Candle by Micah Johnson
868,Planet XV
869,Northern Guilds - Guild of Thor
870,Surf Punks NFT
871,Satoshis Legions - The Legionnaires
872,Dream Gardens
873,MetaWars Planet
874,Roaring Leaders
875,Mad Meerkat Burrow
876,The Dreamers
877,Wicked Monsters
878,PHAYC
879,eq keys
880,Afro Droids
881,Meta Girlfriends
882,Stoned Ape Saturn Club
883,PandaParadise
884,CryptoWolvesClub
885,Z-Huge by MountVitruvius
886,Unidentified contract - gh55xCQYOa
887,Characters (for Adventurers)
888,BitMates
889,CoinList NFT
890,Etholvants
891,Tools Of Rock
892,Entrope
893,Rumble Kong League Curry Flow
894,left gallery
895,Arabian Camels
896,Immortalz V2
897,lil Brains WRLD
898,Azimuth Points V2
899,CryptoTrex Genesis
900,Riot Racers
901,Filaments - Generative Pixel Art
902,The Modz
903,Diplo x FriendsWithYou
904,The Cyclops Monkey Club
905,Rich Sad Cat - Official
906,OGCATS V2
907,Eternal Royals Official
908,Flutter Gen Art
909,Known Origin
910,Game Disease
911,XCarnival - Mystery Box SR
912,SympathyForTheDevils
913,Citizenz Genesis
914,MONGS NFT
915,Holy Rock NFT Project
916,Tezzardz
917,PLUTO V3
918,The Project URS
919,"Cryptock, The Society"
920,The n project
921,CryptoFlyz
922,Metaverse Travel Agency Metahelmet
923,Spooky Boys Mansion Party
924,Nonconformist Hell Ducks
925,CryptoMutts
926,MetaSharksNFT
927,0x488a85d21ac95c9bb0cdaa0d2bfa427fcea88d1e
928,Love Is Love - Shavonne Wong <3
929,TheFatedRenegades
930,PogPunks NFT
931,Museum - The White Room
932,Bonsai by ZENFT
933,SamuraiCats by Hiro Ando V2
934,FusionApes
935,The Blerginning
936,TR Lab X AI 2041
937,PxlFangs
938,NFTeams Pass
939,Pixls Official
940,Full Body Mutant Club
941,MetaTravelers: Nibiru
942,The Cheeky Lion Club
943,Plasma Bears
944,Divine Wolves V2
945,Degen Gang
946,Lily Pass
947,Ape Gang New
948,Nametag
949,Bored Mummy Baby Waking Up
950,The Tokyo Ten
951,Artvatars
952,[HT] FUSION
953,CryptoZoo.co
954,MetaRim
955,NFT2040 Crates
956,Jose Delbo
957,Rogue Society Bots
958,Rocket Monsters
959,Tiny Bones Club
960,Buzzed Bear Hideout
961,Paper Buddha Buddies
962,The Lost Glitches
963,TTK Hero
964,AlphaBetty Doodles
965,Bulls On The Block
966,UnusualWhales V2
967,FullBodyApeClub
968,BrokeBoyz
969,GOAT KIDz
970,GOOP TROOP
971,Evolved Apes Inc
972,FEEL GOOD NFT
973,The KILLAZ
974,TopCatBeachClub
975,GEN AI
976,Degenz
977,Genesis Gradients by Beaming
978,CRYPPO
979,Devs for Revolution
980,Cryptorastas
981,Tie Dye Ninjas
982,DaVinci By AML
983,Board 2 Death Club
984,Bearache
985,Bloot (not for Weaks)
986,SolYetis
987,Larva Doods
988,MADworld.io V2
989,Loopy Donuts
990,Mechanized Abstractions
991,War Riders
992,2545 By Gr4y
993,Legend Maps: Founder Maps
994,GlizzyGang V2
995,MissCryptoClub
996,Bad Bunnies NFT
997,Quadrums
998,AvaxHomes
999,Void Attractors
1000,Cranky Critters NFT
1001,Jungle Destroyers Official
1002,RPS League
1003,Meta Homes
1004,Incognito
1005,Azar by Ger & MendezMendez
1006,Angry Boars
1007,Future Art Access All Art Pass Veefriends edition
1008,Starlink PixelNauts
1009,Crypto Hobos
1010,Ghetto Shark
1011,House of Warlords - HOWL
1012,DAVA Humanoids
1013,Untamed Elephants
1014,Tboa Club
1015,Goblin Laboratory
1016,SummerBears
1017,Party Penguins
1018,Monster Satoshibles
1019,M101 Shelter Survivors
1020,Infinites IRL
1021,Official DogeX
1022,Holy Cows
1023,FRAKT
1024,MLB Champions
1025,Hor1zon Troopers
1026,Trippy GAN Toadz
1027,The Glitches NFT
1028,HappyLand Gummy Bears Official
1029,DeMeta
1030,Mad Ape V2
1031,Hedgie
1032,MechArcade: The Lost Metal Alliance
1033,Shiba Shelter NFT
1034,Rebel Rabbits
1035,Lamb Duhs
1036,MetaGuardians: Villains
1037,Space Dinos Club
1038,Bluboy's BluWorld
1039,Outkast V2
1040,mannys.game
1041,Croodles
1042,Bear Game NFT
1043,Sad Frogs District
1044,Shark Outlaw Squad
1045,Angry Meerkats
1046,MuleSquad
1047,MaxonBollocks
1048,Sora's DreamworId
1049,ETHEREALS WTF
1050,Kidcity
1051,Cryptolanders NFT
1052,CINDYDAO GENESIS
1053,Epic Eagles
1054,doodlefrens
1055,The Ninja Hideout
1056,Kryptomon
1057,Che-Yu Wu x Nobody
1058,mE-Legend
1059,The Everyones
1060,Ape Harbour Yachts
1061,Zunks
1062,MonsterShelter
1063,CryptoZombiez NFT
1064,Lulupunk
1065,Krazy Koalas NFT
1066,Dogs of Elon
1067,3DBears
1068,Sushiverse Official
1069,Non-Fungible Soup
1070,Lazer Soda
1071,DropBears NFT
1072,Impermanent Digital
1073,Frosties NFT
1074,Alien Genesys
1075,Spottie WiFi
1076,Omnimorphs V2
1077,The BirdHouse Official
1078,Machinie V2
1079,SBS Genesis Card
1080,Vailiens
1081,Splatters 100 Mob
1082,Monsters of Rap
1083,Gradis
1084,Fast Food Frens Collection
1085,JOYWORLD JOYtoys
1086,DJENERATES - CLUBBING EDITION
1087,Salvador Borpi
1088,Flokitars
1089,The WolfGang V3
1090,Generative Burger Club
1091,Bushidos
1092,Superfuzz: The Good Guys
1093,MistleToadz
1094,AFTERORDER
1095,Spunks
1096,Fortress-Arena NFT
1097,The ASCIIPunks
1098,Pixel Foxes Official
1099,Etherminators
1100,The Ghost of Frank Dukes
1101,CryptoPolz
1102,Outlaw Gals Motorcycle Keys
1103,NFTCult
1104,DarkSuperBunnies
1105,Players Only NFT V2
1106,Kamagang
1107,RandoMice
1108,PixelBeasts (Beastopia)
1109,CryptoBeasts.org
1110,Daitos (Bushidos)
1111,Generative Masks
1112,FuckinTrolls
1113,EtherGals Community
1114,LostSoulsSanctuary
1115,Punked Doods
1116,Dogs Unchained
1117,Atari
1118,ELVEN
1119,Dirtybird Flight Club
1120,KRebels
1121,LuckyManekiNFT
1122,Tokenpuss
1123,SamuraiDoge
1124,EyeStar NFT
1125,0xVampire Project
1126,Rich Gator Golf Club
1127,Flash Mints Yaasmyn Fula - The Untold Story of Tupac Amaru Shakur & Yaki Kadafi Fula
1128,GRILLZ GANG
1129,Kalmy the Squid
1130,2+2 Gen3
1131,Fast Food Lil Baby Apes Club
1132,Infinity Frogs NFT
1133,The Sevens Companions V2
1134,PixaWyverns
1135,Bit Kongz
1136,Cosmic Wyverns Official
1137,Noundles Game
1138,KOGS
1139,Soda Pass
1140,Chads NFT
1141,WhattyClub
1142,The Winkybots
1143,Wasteland Cactus Crew
1144,Beatnik Tiki Tribe
1145,Brkfst World
1146,Hawaiian Lions
1147,CrazyMummiezProject
1148,Wrapped Pixereum
1149,Lil Baby Cat Gang V2
1150,Blockchain Bikers
1151,CYBERUNNERS: Neo Genesis
1152,ratDAO.art
1153,Chill Bears Society
1154,The Street Dawgs
1155,BoringStone Genesis Collection
1156,Unirexcity
1157,The SneakerHeadz Society
1158,Ethemerals (MERALS)
1159,Angels Oasis
1160,The Wild Ape Gang - Official
1161,Polkamon
1162,Bored Bigfoot Billionaires V2
1163,LONDON Gift V2
1164,StackedToadz
1165,Feel Gang
1166,Seasons by Dirty Robot V2
1167,Lady KILLAz
1168,Clever Girls V2
1169,Average Punks V2
1170,Ben Baller BlockChains
1171,Adult Fantasy
1172,The WynLambo
1173,CryptoManga V2
1174,Doodle Apes Society (D.A.S)
1175,Ruby Mazur Lips
1176,GEN.ART Collection
1177,Monke Babies
1178,Chill Ape Club
1179,HodlGod
1180,Furious Alpha Gym Club
1181,Bearseum Collection
1182,0xCubes
1183,Land DAO Genesis
1184,Lucid Paths
1185,PudgyApes
1186,Wonky Stonks
1187,ArcadeNFT - ToadRunnerz
1188,Jay Pegs Auto Mart
1189,ONE Shogun
1190,Five Penguins
1191,NEKO Official
1192,CrazySkullzNFT
1193,The Horrors
1194,GYMBROs Official
1195,The League Of Sacred Devils
1196,Nice Fun Zombies
1197,DemiGods Of Rock
1198,PixelGlyphs
1199,The Alien Girl
1200,Derpy Birbs
1201,Delectables by Foodmasku
1202,Mirror World Collection
1203,Ponpave
1204,Metathugs V2
1205,Bubble Budz V2 Collection
1206,ZombieToadz
1207,Praying Hands Club
1208,CanineCartel
1209,Rainbow Cats NFT
1210,MyCryptoHeroes
1211,Bettorverse V3
1212,BONEHEADS OFFICIAL
1213,The Hellions
1214,Nobodyeth.art
1215,O S C I L L O
1216,Guardians of Aether
1217,MOMOCLO NFT CARD
1218,striatis
1219,Breaking Panda Asset
1220,Flowers by onChainCo
1221,CryptoZoo Base Animal
1222,Elon DAO
1223,Sushipico Set
1224,Winter Baby Ape Club
1225,Super Shiba Club
1226,YGG Sword and Shield
1227,Mad Rabbits Horror Show
1228,Space Capsules
1229,Toadkens Genesis
1230,PhantaDoodles
1231,Island Apes - Paradise Club
1232,The KittyButts
1233,Blockchain Adventures Of Bella The Blue Bot
1234,Mutant ApeWives
1235,Hunger Brainz NFT
1236,Lil BabyPunks
1237,Boring Bananas Co.
1238,The Wolf Pack 10 DEN
1239,Project MetaStonez
1240,Dreamloops V1
1241,Baby Apes Rescue (BAR)
1242,Adventure Cards
1243,The Floor
1244,Fish Game - Official
1245,Vortex by Spectra.art
1246,Flippy V2
1247,Samurai 2088 | Genesis
1248,Astra Chipmunks Army
1249,Diamond Boyz Army S1
1250,SuperBunnies
1251,Bastard Penguins
1252,Doge Pound Christmas
1253,KinesisArt
1254,Bitcoin Origins
1255,Ghostbusters: Afterlife Traps
1256,888 Inner Circle The Drops
1257,Pickle Punk
1258,Slumdoge Billionaires
1259,Mutant-Gorillas
1260,Tunes Project
1261,The Wicked Stallions
1262,Lonely Planet Space Observatory
1263,Pootopia
1264,Bit Monsters V2
1265,Ghostbusters: Afterlife Collectibles
1266,Metaverse Cool Cats
1267,Mutant Punks NFT
1268,Zoodlers
1269,Official Neko Zamurai
1270,MultiPass V2
1271,Generative Alchemy Lab
1272,Great Genesis Gorillas
1273,NinjaToadz
1274,Metavaders V2
1275,Raccoon Mafia
1276,Flow Fields GenArt
1277,Crypto Alien Punks
1278,gm-onchain
1279,Mutant Doodles (official)
1280,The Walking Ape
1281,LazyBoredApes
1282,Crocs League V2
1283,T-Rex Mafia OG
1284,Sheep Game
1285,Neon Junkies
1286,Bauhaus Blocks
1287,Citadel Of The Machines
1288,TEGSNFT
1289,Lockdown Lemmings
1290,Party Dog - Social Club
1291,OK Crypto
1292,AvaPepes
1293,Crypto Noun Punks
1294,Puppy Punks (Official)
1295,Magical Land Creatures NFT
1296,Bear Game Gen Y
1297,deadmau5
1298,The Club of Cool Apes
1299,Bullish Llama
1300,PhunkyDoodles
1301,Bonito Catito NFT
1302,HalloweenBears
1303,Crypto Gem Alliance
1304,Cyberlionsnft
1305,Lil Mutant Apes Club
1306,Uniswap V3 Positions
1307,Hammie Game Official
1308,DegenDads
1309,LittleNinjasDojo
1310,GORILLA CLUB NFT - The Original
1311,Singularity by AIIV
1312,Metathugs3d V2
1313,RichApeGang
1314,WoofpackNFT
1315,Mecha Chaotic: Bedlam
1316,Lenia - Artificial Life NFT collection
1317,Lee Mullican: Computer Joy
1318,Le Anime by toomuchlag
1319,MegaToads
1320,LOS MALANDROS
1321,LOREM 1/1
1322,LOL - The Debut Series
1323,LGND V2
1324,LAST FUCKING WORDS
1325,MetaHero Universe: Identities
1326,LAMOverse
1327,KuddlyKoalas
1328,Kuddle Koalas
1329,Ksoids
1330,Kryptoz Genesis
1331,MetaSniper
1332,Krispy Krome CRYPTOJANKY NFT Series
1333,MetaValley
1334,Kong Land Citizen
1335,Kong Game Official
1336,Kohi x eepmon CityLights
1337,Metaani
1338,Metaani For
1339,Metaani x KizunaAI
1340,Mindscapes - F3K6PpkwjH
1341,MineablePunks
1342,KeikoKitahara
1343,Minerva
1344,Mines of Dalarnia Canary Birds Collection
1345,Kate the Cursed 721
1346,Minimalist by Schizzo
1347,Kate Vass Digital
1348,Mint Passes Dissected Toadz -- Commission Passes
1349,Mint That Shit
1350,Mintable
1351,Mintable Gasless Store
1352,Karma DAO
1353,Karma Collective
1354,Minter Suite License
1355,KMO
1356,Mirage Gallery
1357,Mirage Gallery AI - Early Works
1358,Mirror Editions
1359,Mirror Editions - VbrwHn8Amu
1360,Mirror Editions - i52sBTNqG4
1361,KLIMA x SVN CO2_COMPOUND
1362,Miss Universe NFT
1363,KLEEE02
1364,KING'S GALA
1365,MoNA Spaces
1366,KIA Ordinance
1367,KEYCard V1
1368,KBOT_FACTORY V2
1369,Monarchs.Art
1370,Just Steak
1371,MondrianNFT
1372,Money Man Music
1373,Just Spliffs
1374,Jungle Bay Gold Cards
1375,Monkes V2
1376,Julia Set Collection
1377,Monkey Kingdom
1378,Juggernauts by PC
1379,MonsterBlocks V2
1380,MonsterMash
1381,Josie
1382,Jose Delbo x RAC x Monstercat
1383,Monsters - Y8TC0BBMH1
1384,Johnny Shiitake NFT: Introduction
1385,John Wall NFT
1386,Joey The Photographer
1387,Jeff Soto: THE NAUGHTY
1388,MoonBoyz V2
1389,Jason Seife V2
1390,MoonPass - The Moon Boyz
1391,MoonShotBots V3
1392,Moose - W7tGg0VqSg
1393,More Loot
1394,Jake's World
1395,Mother Earth Muses
1396,Mother Nature
1397,Mounts for Adventurers
1398,Movonox I
1399,Mr Crypto NFTs
1400,IrregularPunks
1401,IreneDAOwn
1402,MutantHumanClub Official Collection
1403,InvertedApeClub
1404,My Little Orphan
1405,Inverso Mundus
1406,InventoryNFT
1407,MyLittleUzis
1408,MyNeighborAlice
1409,MytoBytes
1410,Inventory V2
1411,Into the HIFI-Verse
1412,Insomnia - XP4OdN2eF8
1413,InfraVision
1414,Infinity Headset Genesis
1415,Infinites AI
1416,InBetweeners - OFFICIAL
1417,NFT Affirmations
1418,Immortals 10K
1419,Imbued Art
1420,NOT A RUG
1421,NOTHING IS SACRED: Golden Ratio
1422,HovercarsAnimetas
1423,NYC Underground Stories
1424,House of Satan
1425,Nand VMountain
1426,Nara Plaza Oil Painting
1427,Narcissus by Pak
1428,House of Goblins
1429,Necromint Unique
1430,Negative Value Certificates
1431,Neneneko Labs
1432,Hot Botties
1433,NeoTokyo Citizens
1434,Honorary Galaxy Eggs
1435,Neon District
1436,Honey Bee Club V2
1437,NessGraphics
1438,NessGraphicsVault
1439,Holy War Loot (Summons)
1440,Hollow Official
1441,Hillbilly Holler Collection
1442,Hideki Tsukamoto's Cypher
1443,NewtonFractals
1444,Hewer Clan
1445,Heroes of Evermore
1446,Nifty Sax Spheres
1447,Heroes & Demons Game
1448,Niftydudes
1449,Niftyriots
1450,Hello im Victor FEWOCiOUS And This is My Life
1451,HatchDracoNFT
1452,Hashes
1453,NoCap
1454,HashGuiseGenZero
1455,HashGuise Gen 1
1456,Non Fungible Apes
1457,Non Fungible Frens
1458,Hash Garage Specials
1459,Non Fungible Tools Membership
1460,HaruKomoda
1461,Non-Fungible Fungi Genesis
1462,Non-Fungible Olive Gardens
1463,Halloween Ghosts
1464,Halloween Bears
1465,NonFungibleFungiMintPass
1466,Halendid
1467,Hackatao
1468,Nonki Shiba
1469,Habibis
1470,HUMBL - sscEB3si48
1471,HOAG Play
1472,HIDDEN Open Editions by Hackatao
1473,HDPunks
1474,HAENDZ_
1475,Noundles Theory
1476,Nouns
1477,Nouns3D
1478,HACK THE BORDERS Open Editions by Hackatao Blondie
1479,Gutter Species Mint Pass
1480,Guracorp
1481,Guest Artist Open Edition by Mad Rabbits Riot Club
1482,NyanDogg
1483,Grim Tales of a Wassie
1484,Gremplin
1485,Gregory Halpern | ZZYZX
1486,OGCards
1487,GraffitiMansion
1488,OPEN MINDS by Efdot
1489,OPEN PIANO BY POB
1490,ORIGINALS by LUIS SIMO
1491,Gotta Go Fast
1492,Obscura Mint Pass
1493,GoriByte
1494,OctoHedz
1495,OctoHedz Reloaded
1496,OctopuoS
1497,Ode to Cats by Heidi Miles
1498,Good Guys NFT
1499,Gone to Mars
1500,Onigiri Pepe
1501,Golden Token Incomplete Control
1502,Golden Eaglez Kartel
1503,Gold Hunt Game
1504,GodsNFT
1505,OpenPalette
1506,OpenStars
1507,Oracle (official)
1508,Orcish Raiders
1509,Osinachi Art
1510,Gods Unchained Collectibles
1511,Ottey Otters
1512,OurPath
1513,Gods Unchained
1514,Gm - 9hVjv9OeQc
1515,OverCloudz
1516,Glitched Worms
1517,PACDAO FOUNDER
1518,Glitch Girls by GHOST GIRL
1519,PEGZ
1520,PEPE by ELO
1521,GitTrees
1522,PIDGIES
1523,PILLHEADS by CFW
1524,PILLS
1525,PIXELVERSE NFT
1526,PLAN X Art Gallery V2
1527,PLAY SQUID GAME NFT
1528,PLURAL.FACES
1529,GhozalIreneDAO
1530,Ghouls n GANs
1531,PORK1984
1532,POTEnZA
1533,PPPandas
1534,PROB's SKULLIES
1535,PROJECT K V2
1536,Ghostmice
1537,PROOF OF {ART}WORK
1538,"""ALCHEMIST"" by Blue the Great"
1539,Geomes
1540,PUNKS Comic Special Edition
1541,Genesis.sol - [sol]Seedlings (migrated)
1542,Paintings of Forgotten Souls
1543,Genesis Rocks
1544,Genesis Roaring Leaders
1545,Genesis Mana (for Loot)
1546,Genesis Jingles
1547,Genesis Comics IP
1548,Genesis Adventurers (for Loot)
1549,Paper Chasers
1550,PaperBag Wrld V2
1551,Genesis 8SIAN Halloween
1552,Generative Transfer Art Project 1
1553,Party Animals
1554,Party DJ Space Club
1555,Gener8tive K-Compositions
1556,GenHall
1557,Gen Watch V2
1558,Gem - I2VGrkhC6q
1559,Gear (for Punks)
1560,GNZ-11 Space Party
1561,GM420
1562,PhunkyMutantApeYachtClub
1563,Piano King NFT
1564,GLICPIXXXVER002 - GRAND COLLECTION
1565,PierPressure
1566,Pigs at WAR!
1567,Pigskin Apes
1568,GHOSPERS
1569,Pix Puppies V1
1570,PixaWizards
1571,GFC Weapon
1572,Pixel Art - 3FyJi8OVgF
1573,Pixel Cat Gang Official
1574,Pixel Cats
1575,GFC Death Robot
1576,Pixel Elements by PixelGan
1577,GFC Companion
1578,Pixel Galaxies by PixelGan
1579,Pixel Mekas
1580,Pixel Runes by PixelGan
1581,GEOMETRICFORMS
1582,GENESIS SYNCRONAUTS
1583,PixelCons
1584,PixelGans - Origins
1585,PixelGans - Pixel Planets
1586,GENESIS IDOLS by Monstercat
1587,GB Island Fractions
1588,Pixlr Genesis
1589,GAN Nature
1590,Places (for Everyone)
1591,Planet Shards - Legends Of The Metaverse
1592,GAIA
1593,Planets With Loot
1594,Fvckrender
1595,Platonic solids the elements by Joanie Lemercier
1596,Fuzzballs
1597,FuturePasses
1598,Future of Boxing Collection by Jake Paul
1599,PlebPunks
1600,Fungi Queendom
1601,FudFarm
1602,Fud Society
1603,Frxgz
1604,PokiDAO V2
1605,Polar Bear Club
1606,Polar Pals Bobsledding
1607,Poligoonz Collective
1608,Polka City 3D Asset
1609,Polka City Asset
1610,Froyo Cat
1611,PolyAnt Queen
1612,Polyient Games Founders Keys
1613,From the Fragments of Tezuka Osamu - Mosaic Art
1614,Pond of Ponders
1615,Froggies Beginnings
1616,FrogGame
1617,PoodlesNFT
1618,Frenetik Void x Milton Sanz x Oxeegeno
1619,Poolsuite - Pool Member
1620,Frank Miller: Sin City 30th Anniversary
1621,Framergence
1622,PoteMonNFT V2
1623,Potions (For Adventures)
1624,PrayStation
1625,Framed Growth
1626,PreCubes
1627,Prima Donna by Dario De Siena
1628,Fractix by Hoven
1629,Fox Game Official
1630,Primera by Mitchell and Yun
1631,Fox Game Gen 1
1632,Professor Elon Rocket Factory V2
1633,Fortune Teller Collection
1634,Fortuitous Five
1635,Forms + Shapes
1636,Food Supplies (For Adventurers)
1637,Folia
1638,Foes (against Adventurers)
1639,Fluid Forms
1640,Psytrance Pig V2
1641,Pudgy Chicks
1642,Fluffy Polar Bears 99 Special Edition
1643,Flower Friends Genesis
1644,PudgyPresent
1645,Flower Blocks Pollination
1646,Pulsar79
1647,Pulses Of Imagination
1648,Pulsquares
1649,Pumpametti
1650,Pumpkinheads V2
1651,Punk Stats
1652,Floppydisk.xyz
1653,Punk69
1654,Floki Inu - Silver
1655,Punkachus
1656,Floki Inu - Ruby V2
1657,Puppeteer and Puppet Dance
1658,Floki Inu - Diamond V2
1659,Floki Inu - Bronze
1660,Purrnelopes Country Club
1661,Floating Thoughts
1662,Floating Cities by PixelGan
1663,PuzlPack Punks
1664,PuzlPunks (Packs)
1665,FlipToadz
1666,Pythagorean Masks
1667,Fissures
1668,Quaks
1669,Fishbowl Heads
1670,Quarter Machine PiRATE iSLAND
1671,Qubits On The Ice
1672,First First NFTs
1673,Quests (for Adventurers)
1674,Quilts on-chain
1675,Qverse by Magdiellop
1676,Finiliar
1677,R66
1678,RADSANTAS V2
1679,REVV Motorsport
1680,Raf Grassetti
1681,Feudalz Elvez
1682,Feral File #001 - Social Codes
1683,Raini: The Lords Of Light - Card Packs
1684,Rambo Collection
1685,Ranchy Rednecks
1686,FatCatzNFT
1687,FastFoodDoge
1688,Rare Shoe
1689,Fast Food Nouns
1690,Farmers Marketverse V2
1691,FanziesNFT
1692,Fandong Kongz
1693,Re-Digitalization of Waves
1694,Familiars for Adventurers
1695,Ready Playa One
1696,Fairum NFT
1697,Real Psycho Teddy Bear
1698,Realiti
1699,FRGMTRZM NFT
1700,FOXXIES V2
1701,FOTO Vault
1702,FOMO Dog Club
1703,Rebel Seals V2
1704,FEWOCiOUS x RTFKT
1705,Rebellia
1706,FAKE BOT COLLECTION - DO NOT BUY
1707,Red Panda NFT
1708,Reddit CryptoSnoos
1709,Redemption - Generative Art
1710,Redlion Studios
1711,Reebok x NST2
1712,Regenz
1713,Rekt Cats
1714,F M M
1715,Resurrected Crypteriors Locals
1716,Extension Loot (for Adventurers)
1717,RetrowaveDeers Collection
1718,Reuben Wu
1719,Revenants by Alethea AI
1720,RibBits V2
1721,Ribbon OG V2
1722,Rich Bulls Club
1723,Exponentials
1724,Experiences by Laith Safa
1725,Expansion Ape Yacht Club
1726,RichKidsOfficial
1727,Ring Worlds
1728,Rings Genesis by Nick Kuder
1729,Evoh Llama Frens
1730,River Space
1731,EvoSnails NFT
1732,Evil Elves Club
1733,Roaring Roccstars (Official)
1734,Robin Velghe
1735,Everything by 3LAU
1736,EverydayApes
1737,Rockbunn
1738,EverDragons
1739,Roe Ethridge
1740,EulerBeats Genesis
1741,EulerBeats Enigma
1742,Role for Metaverse
1743,Rollbots
1744,Etiene Crauss
1745,Rookie League
1746,Etherpoems
1747,Ethernals Universe
1748,Royal Ceramic Club
1749,Ethermonkeys
1750,Royal Society Chips
1751,Ethermon
1752,Etherland
1753,EtherTulips Upgraded
1754,EtherDash
1755,Ether Troopers Mint Pass
1756,Ether Reapers
1757,Ether Legends
1758,Rugstore V3
1759,Rukes
1760,Ether Bananas V1
1761,EthBot V2
1762,Eth-arely
1763,RustyHogs
1764,S2TM Space Pass - Season 1
1765,SALT V4
1766,Eternal Elves
1767,SCULPTURA V2
1768,Especial Orbs
1769,Eroding and Reforming Digital Sculptures
1770,SHIKI31
1771,SMC Art MakotoKobayashi
1772,SMC Symbol MakotoKobayashi
1773,SMOKING APES V2
1774,SNAP UNIVERSE special edition cover Issue 02
1775,SP1D3RS
1776,Eponym Generation 2
1777,SSR Mazinger Z
1778,Eons V2
1779,Encounters (For Adventurers)
1780,Enchanted Game
1781,Empress Princess Butterfly
1782,STEAMPUNK HAMSTERS NFT
1783,STORM - g5r4YXsbKl
1784,SUPER TRAGIC by Superplastic x Matt Gondek
1785,SUPERPLASTIC: Cryptojankyz
1786,SURREAL - d60rAyjPhU
1787,SWAYILS
1788,Saconi Holmovimiento
1789,Empowered By Paris Empowered Women Empower Women
1790,Emotionull On Chain
1791,Emoji Keys
1792,Elves of the North Official
1793,Elite Doge Club V2
1794,SameKongz
1795,SameToadz
1796,Samot Club
1797,Elements by Iurie Belegurschi
1798,Eights Universe
1799,Samurai War
1800,EarlyBroadcasterComics
1801,ETH Walkers
1802,ETERNAL FRAGMENTS
1803,ESC by Mr. Doodle
1804,Sashimono (Bushidos)
1805,SassyChimps
1806,EM! Collection
1807,SatoshiVision
1808,ELEMENTS - C5X54GeOWm
1809,DystopianPunks V2
1810,Savage Dogs Profiles V2 - old
1811,Savage Dogs V2
1812,DystoMice V2
1813,Dverse Token
1814,Dust
1815,Schroot
1816,DungeonLoot
1817,DuckDAO Hunters
1818,Seerlight V2
1819,Drunken Pandas Official
1820,SergDickButts
1821,SergToadz
1822,Settlements
1823,Dropspace Mint Tickets
1824,Dreamers by Yugal
1825,Shaolin Samurai NFT
1826,DreamVerse Land
1827,Dragonereum
1828,Sharkpunks - LevX DAO
1829,Sharks & Minnows Game
1830,Shatner
1831,Shavonne Wong
1832,Sheep Game Land
1833,DragonSaga
1834,Dragon Z Apes
1835,Dragon Warrior
1836,ShibaDoodle
1837,Shitties
1838,ShogunSamurais
1839,Dragon Rich Club Official
1840,DotCom Seance
1841,Door(Stringify)
1842,Doomers
1843,Doomed Souls Army
1844,Sirens of the Sea NFT
1845,Six n Five
1846,Skeleton-Bit
1847,Doodlesaurs World
1848,Sketches of the Sea
1849,DoodleMApes
1850,Skids Official
1851,DoodleBitsNFT
1852,Doodle Punks Genesis
1853,Doodle Punks Collection
1854,Doodle Kongz
1855,Doodle Ape Kids
1856,Dominion Game Mint Pass
1857,Skygolpe
1858,Skygolpe x Hackatao
1859,Dom Perignon x Lady Gaga
1860,Dollars Nakamoto by Pascal Boyart
1861,Slimesunday
1862,Doggos for DOG Owners
1863,Doge Battle
1864,Slyguise NFT
1865,Dogdles NFT
1866,SmolPunks
1867,Divine Sprits
1868,DireWolves V2
1869,Sno Demon
1870,DigiAvatar@DigiNation
1871,Digi Dragonz
1872,Sockz (Edition 0)
1873,Diccs (For Adventurers)
1874,DeusX
1875,Degenerative ART V3
1876,Degen'$ Farm
1877,Degen Art Club Originals
1878,Deera
1879,Solana Monkey Business
1880,SolanaDogeNFTs
1881,DeepSeaJelly
1882,Deep Space Explorer
1883,DeeManz
1884,Decentraland Wearables
1885,Decentraboard
1886,Solvency by Ezra Miller
1887,Deafbeef
1888,Somnium Space VR
1889,Sonar Moji
1890,DeadsHead
1891,Songs (for Tunes)
1892,Deadfellaz Infected S1
1893,SoulWorld: LEGENDS
1894,Soulcops
1895,Soulware Origins
1896,Deadbears Official
1897,Sovereign Sphynx Council NFT
1898,DeadTickets
1899,DeadPunks Official
1900,Space Kubz
1901,DeRace Ticket
1902,DeHorizon
1903,DeFiLABS
1904,SpaceMice
1905,Dark Zodiac NFTs
1906,SpaceShibas
1907,Spanky & Friends
1908,Dark Forest v0.6 - Valhalla
1909,Spells (For Adventurers)
1910,Spells of Genesis
1911,Spherical Harmonics V1
1912,Spicy Pumpkins
1913,Daniel Arsham
1914,Daniel Allan
1915,Spirit Orb Pets v0
1916,Dalek: MR. WINKY
1917,Daiju-Kingz
1918,Daffy Panda Ganging Up V2
1919,Daemonica Entities
1920,DRRT
1921,Spooky Frens Collection
1922,DRIVE DAVE KRUGMAN
1923,DOTPIGEON
1924,DOOMSDAYX Gen 01 Haleek Maul Platinum NFT
1925,DIGITAL POP ART
1926,Squid Apes 696
1927,Squid DAO
1928,DEMONZv1
1929,Squiggly
1930,Squishy Apes by Degen Labs
1931,DEGENERATIVE by DEAFBEEF
1932,Stacked Monkeys
1933,DAOpunks by Bankless
1934,Stadia.digital
1935,DAO Turtles
1936,D'EVOLs
1937,Cyclical Project
1938,Star Wolves
1939,StarLink Living Module
1940,StarLoot
1941,Starchain Official
1942,Starlink Game Satellite
1943,Cyberlionz Nft
1944,Start_Art_Gallery_ERC721
1945,State of My Mind
1946,Stegano
1947,Cyberdoge-NFT
1948,CyberPunk - DtR1gCLJJh
1949,CyberCatz NFT
1950,Cyber Zombie Society
1951,StickDix
1952,Stitched by pepe xyz
1953,Cyber Land
1954,Cyber Humanoid
1955,Cyber Charizard
1956,Stoner Cats Posters
1957,CurseTicket
1958,Curse NFT
1959,Stranger EggZ V2
1960,Stranger Together by Brooke DiDonato & Ben Zank
1961,Strawberries V3
1962,CuneiformNFTS
1963,Strong Ape Club - SAC
1964,StudioUno Norte
1965,Su Squares
1966,CryptoWiener
1967,SubstandardNFTs
1968,CryptoTrunks
1969,CryptoTitties Official
1970,CryptoServal
1971,Sun Blocks - Training#0
1972,CryptoPochi
1973,Super Novas
1974,CryptoMotors
1975,CryptoHoots Alpha Parliament
1976,CryptoFoxes Origins
1977,SuperCollectorCard
1978,CryptoFoxes
1979,SuperRare bitGANs
1980,CryptoDemonzV2
1981,Superfrens Keys
1982,Superfuzz Gold Tickets
1983,Superfuzz The Bad Batch
1984,CryptoCitizens V3
1985,CryptoCitizens Mint Pack
1986,CryptoCats
1987,CryptoCastles Official
1988,CryptoBabyPunks
1989,Superplastic x SketOne
1990,Crypto-Native
1991,Crypto Stars - X68nxiV8pq
1992,Surreal Society (Official)
1993,Crypto Rats Secret Society
1994,Sushi Nekkos
1995,Crypto Ouroboros
1996,Sussy Sharks
1997,Crypto Nijigen Girls
1998,Sweet Cuts
1999,Crypto College
2000,Crypto Calaveras Membership
2001,Synesthesia Collective
2002,Crypto Brewery NFTs
2003,T.A.R.A
2004,THE AFRONAUTS
2005,THE BRUHZ
2006,Crypteriors
2007,THE FLAT PUNKS
2008,THE METANAUTS CLUB | MNC
2009,CryptantCrab
2010,Crooked Palm Trees
2011,THORWallet Army
2012,CrocZ
2013,Creative Art Quest
2014,TINY-83
2015,TMRWLAND NFT
2016,Crazy Panthers Party V2
2017,TRLab
2018,TROY-NFT
2019,Crazy Lemur Club
2020,Crazy Dragon Corps
2021,Crazy Donkey Club
2022,Tall Neck Tribe Skeleton
2023,Crash Traders
2024,Cranes (for special wallets)
2025,Cr8ive Design Drop 2021
2026,CosmicMice
2027,Teknolust_masks
2028,Template
2029,Cosmic Colors
2030,CorruptedToadz
2031,Tetranode
2032,Tezonians
2033,Tezos Origins
2034,CorruptedOG
2035,ThankYouX
2036,The 0010 Works
2037,The 140 Collection by Twitter
2038,The ABSTRACT Store V2
2039,Corite x Emery Kelly - Emotions Collection
2040,The Adventurer's Guild
2041,The Adventurers Text
2042,The Adventures of Mineko
2043,CoolKidsNextGen
2044,Cool Kitty NFT
2045,Congress Cat
2046,Conflict by sturec
2047,Concealed Emotions
2048,The Archives by Jake
2049,The Avatar Project Official
2050,The Baby Bears
2051,The Bear CLTV
2052,The Billionaire Doge Club
2053,Companions (for Adventurers)
2054,Colorglyphs
2055,Colorblind Creations
2056,The Blockchain Kittens
2057,The Boo Bears
2058,Collective 168
2059,Coin Apes V2
2060,The Chunks
2061,Codename RARE
2062,Clonex 17707 Art Gala
2063,The Colors (thecolors.art)
2064,The Crazy Camels
2065,Clock 8008
2066,The Crypto Rangers
2067,The CryptoBabyPunks
2068,Clash of Streamers Heroes
2069,Clarity by Chromorphs
2070,The CryptoSaints
2071,Cityroots
2072,City - X87maLLDPJ
2073,The Daily Gwei - 1 Year Anniversary NFT
2074,The Deathless
2075,Circuit Board Species
2076,The Divine Order Of the Zodiac
2077,Circleorzo
2078,The Doods NFT Collection
2079,The Door by Matt Kane
2080,The DragonVerse - Game
2081,Ciphersquares V2
2082,The Drops V2
2083,The Elite Society
2084,The EtherTroopers Collection
2085,Chromospheres
2086,Choadz
2087,Chiptopunks NFT
2088,Chic Cow&Bullzz Collection
2089,The Financial Advisors Club
2090,Chibi Genesis
2091,Charles-DAO
2092,The Forgotten Cult
2093,The Four Seasons of Jiuzhaigou
2094,The Fox Game
2095,The Full Send NFT
2096,The Fungible by Pak
2097,The Gaussian Protocol
2098,Char0
2099,The Girls of Armament V2
2100,Chapter V Glitch by Micah Johnson
2101,The Golden Frog DAO - Genesis Frogs
2102,Chaos Order Secret Writing by Allyson Grey
2103,The Great Brains Club
2104,Chainbunnies
2105,ChainGuardians
2106,ChainFaces
2107,The Horned Karma Chameleon Burn Redemption by WhIsBe
2108,Chain Saw
2109,Cats Invasion
2110,Cats - 83e1HBCA35
2111,Cathode
2112,Catgirl NFT
2113,Caring Creatures Collective
2114,The Key to Life Returns by Nifty Gateway
2115,Cacastupido
2116,The Last Ones
2117,Caboodles V2
2118,CYBER CREW
2119,CULTure CULT
2120,CREEPTURES
2121,COSMOS - paEHC3MW5s
2122,CORPORA
2123,CLASSIFIED | Holly Herndon
2124,The Magic Hoard of the Cryptic Sphere
2125,The Medieval Pixels
2126,CITY BLOCKS by COOPER RAY
2127,CINEDEATH
2128,CHRCTRS
2129,CALLIGRAFUTURISM
2130,CAIC - Cellular Automata In Chain
2131,The Monkey Society
2132,The MonstroCities
2133,Burnables NFT
2134,Bunker Beasts
2135,The Nemesis Companions Factory V2
2136,BullsOnTheBlock Evo
2137,Bullrun Babes
2138,The Order of Shadows
2139,The Outsiders V2
2140,The Panels
2141,The Panels - Blocks
2142,The Path Less Traveled
2143,Bull Runners V2
2144,The Prometheus Project
2145,Brush Strokes by 0xCulture
2146,Bruce Gilden New York
2147,The SURF Shop
2148,Brotchain
2149,Broof of B
2150,BroadcastersNFT
2151,Brendan Dawes
2152,The Shakai
2153,The Shark Cove
2154,Bread Heads
2155,The Sleepless Mine Society by Sleepless Workshop
2156,BraveMoreWant
2157,The SolaVerse | SOLA-STARS
2158,Brave Frontier Heroes
2159,The Space Cats
2160,Bothead-Collection
2161,Boss Logic
2162,The Time Travelers
2163,The Title by Pak
2164,Borpacasso
2165,BoredNessApeClub
2166,Bored Apes Punk Club
2167,The Underground Sistine Chapel by Pascal Boyart
2168,The Uplift World
2169,The Vampire Game
2170,The Vampire Game NFT
2171,The Vitaliks
2172,Bored Ape Mountain Club
2173,The Vogu MUTTS
2174,The Walking Mutant
2175,Bored Ape Mirror Club
2176,"The Waq Waq Island Manuscript Jason Seife Capstone ""Shajara"""
2177,The Way of Ging by Frank Dukes
2178,Book of Alchemy V2
2179,Bones & Bananas
2180,Bond Bears
2181,Bold and Brash Club
2182,Bodega Cats V2
2183,BobaSea
2184,The Wolf Pack V2
2185,BlueChips
2186,The World of Pepe Clover
2187,The Worm NFT
2188,Bloom 2018
2189,Blokpax Vault
2190,The Yakuza Clan
2191,Blockship
2192,Blockparty
2193,Blockheads Family
2194,Blockchain Badlands
2195,BlockCities
2196,TheComposers
2197,TheCryptoApes
2198,TheCryptoes
2199,BlockBots by Indorse
2200,BlockArt
2201,Block Flock
2202,Blitmap
2203,BlackInBackKat
2204,TheMaskMan
2205,TheNFT Project
2206,TheRadiantSociety
2207,TheSlothTribe.com
2208,Bitchcoin Genesis
2209,BitMartians
2210,Bionic Outlier Tribe
2211,Thousand Ether Homepage
2212,Billionaire Dogs Club BDC
2213,Thug Pugs V2
2214,TiKi Bar
2215,Billelis V2
2216,Beyond Humanity (Official)
2217,Betting Kongs Casino
2218,TimeIt Token
2219,Best Creature
2220,Ben Baller Gems
2221,Beeple Spring Collection
2222,Tiny Kills
2223,Tiny Kingdoms
2224,TipsyTiger Club Official
2225,Beeple Special Edition
2226,BearMarketBears
2227,Tokenized Photo & Art
2228,BearBrick Labs
2229,Tom Sachs: ROCKET FACTORY PATCHES
2230,BasementDwellers V2
2231,Basement Dwellers Pass
2232,Top Dog Tags
2233,Barn Owlz
2234,Banquets
2235,Torii - Crypto Zinja
2236,Totality by Hideki Tsukamoto
2237,Bamboozlers
2238,BallerHeadz
2239,Toy Frens
2240,Toy Rooms
2241,Transient Gallery
2242,Baddies V2
2243,Traveloggers
2244,Bad Baby Dinos
2245,Babylon Prophets
2246,TribesOfOgun
2247,Tribute To The The 500 Greatest Songs Of All Time
2248,Tribute of Parallel Polis
2249,Trick or NFT
2250,TrippieHeadzNFT
2251,BabyBoomerNFT
2252,Tropical Ape Club - TAC
2253,Baby Princess Ape Club(BPAC)
2254,Truchet Styles
2255,TubaDAO
2256,Baby Hodla
2257,Tungsten Cube NFT
2258,Turd-O Turds
2259,Baby Dino Club
2260,BaboonBet
2261,Tweaks
2262,BUNS.LAND Genesis
2263,BULLSEUM
2264,Two-Faced Punks
2265,BRILLIANT V3
2266,BRIDGES by KOTEGAWA
2267,UNLEASH THE BEAST
2268,URS Pass
2269,BRAiN VOMiTS DiGiTAL WORLD
2270,BOIDS NFT
2271,UnRavelled NFT
2272,UnStackedToadz
2273,Unc0vered
2274,BLUECHIMP V2
2275,BLU Blox
2276,BIOMECHAS
2277,BINO house
2278,Uniqly Genesis Physical Collection V2
2279,BIG BUCKS
2280,Unit Collection
2281,United Metaverse Nation (UMN)
2282,Universe Compendium
2283,Unravelling: Consensus Heartbeats
2284,BEEPLE: EVERYDAYS - THE 2020 COLLECTION
2285,BDCA
2286,Untitled_Shark Robot (Full)
2287,BB | Bohemian Bulldog
2288,BAYC4PEOPLE
2289,Urbit ID
2290,BASTARD GAN PUNKS
2291,VENUS IN THE WINTER DUSK Online Exhibition.
2292,VISOR V3
2293,VV Rare
2294,BARFLIES
2295,Various Books
2296,Vault Of Gems
2297,BAMC x Super Shiba Club
2298,BAMC x AK Cyber Dolphin
2299,BALANCE - 7cNaeBteQ6
2300,Vegas City
2301,Verdandi Artefacts
2302,Verisart
2303,Versov Sneakers
2304,BABY X
2305,Vibeheads Club
2306,Victor Mosquera
2307,AwkwardAliens | AWKWARD
2308,Vikings & Villagers NFT
2309,Villa Devendome Paris ELK
2310,Visions - 7CkzkEGwQd
2311,Avime S01
2312,Avid Lines
2313,Avenged Sevenfold X Cam Rackam
2314,Voodollz
2315,AvaxCoin
2316,Avatars (For Loot)
2317,AutonomousArt
2318,Autoglyphs
2319,Vuele
2320,WALTZ
2321,WCC X CryptoDads Pimped Out Mowers
2322,WCC X Dizzy Viper - Generations
2323,Authena Fragrances
2324,Async Music
2325,WHO WE ARE 200
2326,WOBBLE BUG
2327,WSB_LOOT
2328,WTF Official
2329,Async Art
2330,Waifu Warriors
2331,Asuka_Kirara_LimitedNFT
2332,Asia Metropolis
2333,ArtlessLabs Geometria
2334,Wall Street Bulls Mooners
2335,WallStreetBets Diamond Hands Pass
2336,WallStreetDadsNFT
2337,Wanna Panda
2338,Artifex Collection
2339,Warren Buffett Decentral Eyes by Coldie
2340,ArtGrails
2341,Art in Motion - Curated by Mogul
2342,Wassilikes
2343,Art Wars | AW
2344,Art For N
2345,Waveblocks
2346,Ars Longa Vita Brevis V3
2347,Arq Skulls - Origins
2348,WavesOnChain
2349,We Are What We Eat: Seed
2350,We are Dorkis
2351,WeMint Washington
2352,Arq Skulls
2353,Webzee's World
2354,WeiCards
2355,WeinerFish
2356,Weird Whales
2357,WeirdPandas
2358,Arpeggi Genesis Studio Pass
2359,Army Loot
2360,Whales.Game
2361,Arcus by Rik Oostenbroek
2362,White Rabbit - ZERO
2363,Apymon
2364,Apothecary Loot (For Adventurers)
2365,Apollon Project
2366,ApePunks!
2367,WickedCraniumsXHaylos
2368,ApeOnly Island
2369,Ape Punks NFT
2370,Ape Only
2371,Wixa
2372,Anonymice Burned
2373,Ankami
2374,Animathereum
2375,Animal Coloring Book
2376,AniCats World NFT
2377,Angry Zombies
2378,Angry Anglers - NFT
2379,Andy Borphol
2380,Ancient Spirits
2381,Wooshi World Collection
2382,Ancient Cats Club
2383,Analog Summer by MetaWatches
2384,AmongEm
2385,Worm.City
2386,Wrapped CryptoCats Official
2387,Wrapped CryptoPunks V1
2388,Wrapped Etherization
2389,Wrapped Historic DADA
2390,Wrapped Lunar
2391,AmeegosOfficialNFT
2392,Wrapped PixelMap
2393,Amaterasu
2394,Aluna Music
2395,Altura Penguins
2396,Alto city royalties
2397,AltNouns
2398,Alpies V3
2399,"X,Y Project"
2400,Alpha Centauri Kid
2401,Alotta Money
2402,AlienAlliance Official
2403,Alchemist Crucible v1
2404,XTOADZ Collection
2405,YCSM
2406,Al Cabones
2407,YOLO Cat Club
2408,Aku Chapter III
2409,YOLOCat Club
2410,YOUNG & SICK - The-Last/Supper.nft
2411,Aku Chapter II by Micah Johnson
2412,YOUnicorns
2413,Yakuza Cats Society [Official]
2414,Yamashita Gan
2415,Yat
2416,AimiVR
2417,AiVATAR
2418,Yolo Dice
2419,YondoMondo
2420,Yua Mikami -01_ Birth-
2421,Age of Z V3
2422,Aetherian Deed
2423,ZIGGURATS
2424,ZK1
2425,Aether
2426,Adamtastic
2427,Zero Gravity Cryptonauts
2428,Abstratica
2429,Abstractions
2430,Abstract Loot
2431,Zodiac Friends
2432,Zombie Penguins
2433,Abodes for Loot
2434,ZombieMonkeys
2435,Ability Score
2436,Zombiemice
2437,Zombiemice V3
2438,Zoo Gang NFT
2439,Zunk Pets
2440,Aavegotchi Ethereum
2441,AVAX PUNKS
2442,[X] marks the spot
2443,ART HAUS
2444,APIARY V2
2445,"autobreeder (lite) by harm van den dorpel, 2016, 100 editions"
2446,bamc-48h-capital
2447,basic. by Olav
2448,basis.market
2449,"bedroom cuboro stacks by sean lockwood, 2016, 100 editions"
2450,boncuk
2451,cLoot.org
2452,cMyGraves
2453,dGenesis dGen Automatons
2454,APE BANKING CLUB V2
2455,AIFX
2456,AI Pixel Buddies
2457,ACKek
2458,A World Of Color
2459,A Florists Dream
2460,event-listeners
2461,function draw()
2462,geneverse
2463,89 Seconds Atomized
2464,81 Horizons
2465,8 BIT UNIVERSE
2466,6529 Gradient
2467,5555 - Hunter Orrell
2468,3x3punks
2469,kingclub
2470,3dpixelpunkz
2471,3Words V2
2472,3NTITY-8PIRIT G3NERATION
2473,3LAU - Dont Worry
2474,36FUJI Art
2475,333 leopard club
2476,32px Pandas
2477,31 Days of Darkness
2478,256ART
2479,"monaco mix by rita vitorelli and harm van den dorpel, 2016, 100 editions"
2480,nightkids
2481,not a secret project
2482,oshi / music
2483,our couch
2484,p1xelfool
2485,pLOOT
2486,phireneDAO
2487,postcards from paradise
2488,pplpleasr V2
2489,pre purchased ACK
2490,processed (art): mirage
2491,pxMAYC
2492,256 AI Vision
2493,2044 The Lost Kanye Files
2494,rekt.news - hacks & hopium
2495,scrmbl
2496,sismo.eth DAO
2497,10 Styx
2498,0xmons
2499,terra0 Flowertoken
2500,the Plug by LOGIK
2501,0xIdentitiesGEN1
2502,0N1 Gear V2
2503,the#boi
2504,the_coin by Takens Theorem
2505,//usr: Message
2506,thr33zi3s
2507,time&_
2508,toomuchlag
2509,trevorjonesart
2510,"tumpin by jeffrey alan scudder, 2017, 32 editions"
2511,uunicorns
2512,-submerge-
2513,vApez
2514,-SUBTRACTION-
2515,with the light
2516,+ EL TORO +
2517,Lumberland
2518,yrdgz
2519,Lump Rapture
2520,LuckyTreasures
2521,LuxNoctis
2522,Lysergic Labs Shroomz
2523,Lucky Elephant Club
2524,M101Starships
2525,Lucky Buddha Lucky Club V2
2526,Lost Paradise by Rizacan Kumas
2527,Lost & Found - TOlCufUw7V
2528,MARNOTAUR NFT COLLECTION
2529,Los Samos
2530,MEMORY BY ROZWELL
2531,Lore (for Adventurers)
2532,METASENS - ANCIENT SPIRIT
2533,LootCode for world
2534,Loot Class (for Adventurers)
2535,MINTPS
2536,MISFITS Collection
2537,MISS AL SIMPSON
2538,ML Council Stones
2539,Loot (wear)
2540,MMutantApe
2541,MOCHI by STILLZ
2542,Loot (for Scammers)
2543,Loot (for Cyberpunks)
2544,MONSTER MOB
2545,MORPHY
2546,MTAverse NYC
2547,MTM Characters
2548,Loomways
2549,Look At My Raccoon
2550,MZKZ
2551,Loogies V2
2552,Machinie
2553,Longimals
2554,Macro-verse
2555,Lofi Kitties
2556,Mad Cat Militia
2557,Mad Dog Jones
2558,LoFi Moonwalkers
2559,Literal Squid Game
2560,MaidCoin Lingerie Girls
2561,MaidCoin Sushi Girls
2562,MalevichPunks NFT
2563,Maltjik.jpgs Depressionists
2564,MandelNFT
2565,Mandelbrot Set Collection
2566,Maneki Gang
2567,Maps Project
2568,Lion Game
2569,MarenDAO
2570,Marian Hill
2571,Line Gardens
2572,Mars Cats in Spacesuits
2573,Mars Punks
2574,Mars26
2575,LilBabyCoolCats
2576,MarsShotBots
2577,Mask Machina
2578,MaskDAO
2579,MaskDAO Word on the Street
2580,MasterFuruNft
2581,Lil Bitcoins
2582,Lil Baby Penguins
2583,Maxwells
2584,Lil Baby Ape Club - LBAC
2585,Les Non Fongible Femmes
2586,Leo Punks
